<annotation>
	<folder>image_2</folder>
	<filename>000073.png</filename>
	<path>D:\bondJ\archive\data_object_image_2\testing\image_2\000073.png</path>
	<source>
		<database>Unknown</database>
	</source>
	<size>
		<width>1242</width>
		<height>375</height>
		<depth>3</depth>
	</size>
	<segmented>0</segmented>
	<object>
		<name>car</name>
		<pose>Unspecified</pose>
		<truncated>0</truncated>
		<difficult>0</difficult>
		<bndbox>
			<xmin>547</xmin>
			<ymin>171</ymin>
			<xmax>575</xmax>
			<ymax>201</ymax>
		</bndbox>
	</object>
	<object>
		<name>traffic Sign</name>
		<pose>Unspecified</pose>
		<truncated>0</truncated>
		<difficult>0</difficult>
		<bndbox>
			<xmin>713</xmin>
			<ymin>163</ymin>
			<xmax>747</xmax>
			<ymax>179</ymax>
		</bndbox>
	</object>
</annotation>
