<annotation>
	<folder>image_2</folder>
	<filename>000096.png</filename>
	<path>D:\bondJ\archive\data_object_image_2\testing\image_2\000096.png</path>
	<source>
		<database>Unknown</database>
	</source>
	<size>
		<width>1242</width>
		<height>375</height>
		<depth>3</depth>
	</size>
	<segmented>0</segmented>
	<object>
		<name>car</name>
		<pose>Unspecified</pose>
		<truncated>0</truncated>
		<difficult>0</difficult>
		<bndbox>
			<xmin>539</xmin>
			<ymin>175</ymin>
			<xmax>563</xmax>
			<ymax>198</ymax>
		</bndbox>
	</object>
	<object>
		<name>car</name>
		<pose>Unspecified</pose>
		<truncated>0</truncated>
		<difficult>0</difficult>
		<bndbox>
			<xmin>578</xmin>
			<ymin>171</ymin>
			<xmax>598</xmax>
			<ymax>188</ymax>
		</bndbox>
	</object>
	<object>
		<name>traffic Sign</name>
		<pose>Unspecified</pose>
		<truncated>0</truncated>
		<difficult>0</difficult>
		<bndbox>
			<xmin>615</xmin>
			<ymin>159</ymin>
			<xmax>633</xmax>
			<ymax>176</ymax>
		</bndbox>
	</object>
</annotation>
