<annotation>
	<folder>image_2</folder>
	<filename>000040.png</filename>
	<path>D:\bondJ\archive\data_object_image_2\testing\image_2\000040.png</path>
	<source>
		<database>Unknown</database>
	</source>
	<size>
		<width>1242</width>
		<height>375</height>
		<depth>3</depth>
	</size>
	<segmented>0</segmented>
	<object>
		<name>car</name>
		<pose>Unspecified</pose>
		<truncated>0</truncated>
		<difficult>0</difficult>
		<bndbox>
			<xmin>405</xmin>
			<ymin>174</ymin>
			<xmax>509</xmax>
			<ymax>233</ymax>
		</bndbox>
	</object>
	<object>
		<name>pedestrian</name>
		<pose>Unspecified</pose>
		<truncated>0</truncated>
		<difficult>0</difficult>
		<bndbox>
			<xmin>504</xmin>
			<ymin>168</ymin>
			<xmax>529</xmax>
			<ymax>229</ymax>
		</bndbox>
	</object>
	<object>
		<name>car</name>
		<pose>Unspecified</pose>
		<truncated>0</truncated>
		<difficult>0</difficult>
		<bndbox>
			<xmin>556</xmin>
			<ymin>163</ymin>
			<xmax>578</xmax>
			<ymax>190</ymax>
		</bndbox>
	</object>
	<object>
		<name>traffic Sign</name>
		<pose>Unspecified</pose>
		<truncated>0</truncated>
		<difficult>0</difficult>
		<bndbox>
			<xmin>668</xmin>
			<ymin>125</ymin>
			<xmax>685</xmax>
			<ymax>159</ymax>
		</bndbox>
	</object>
	<object>
		<name>car</name>
		<pose>Unspecified</pose>
		<truncated>0</truncated>
		<difficult>0</difficult>
		<bndbox>
			<xmin>32</xmin>
			<ymin>176</ymin>
			<xmax>249</xmax>
			<ymax>277</ymax>
		</bndbox>
	</object>
	<object>
		<name>car</name>
		<pose>Unspecified</pose>
		<truncated>0</truncated>
		<difficult>0</difficult>
		<bndbox>
			<xmin>89</xmin>
			<ymin>168</ymin>
			<xmax>308</xmax>
			<ymax>250</ymax>
		</bndbox>
	</object>
	<object>
		<name>car</name>
		<pose>Unspecified</pose>
		<truncated>0</truncated>
		<difficult>0</difficult>
		<bndbox>
			<xmin>231</xmin>
			<ymin>177</ymin>
			<xmax>341</xmax>
			<ymax>244</ymax>
		</bndbox>
	</object>
	<object>
		<name>car</name>
		<pose>Unspecified</pose>
		<truncated>0</truncated>
		<difficult>0</difficult>
		<bndbox>
			<xmin>313</xmin>
			<ymin>186</ymin>
			<xmax>404</xmax>
			<ymax>231</ymax>
		</bndbox>
	</object>
</annotation>
