<annotation>
	<folder>image_2</folder>
	<filename>000065.png</filename>
	<path>D:\bondJ\archive\data_object_image_2\testing\image_2\000065.png</path>
	<source>
		<database>Unknown</database>
	</source>
	<size>
		<width>1242</width>
		<height>375</height>
		<depth>3</depth>
	</size>
	<segmented>0</segmented>
	<object>
		<name>pedestrian</name>
		<pose>Unspecified</pose>
		<truncated>0</truncated>
		<difficult>0</difficult>
		<bndbox>
			<xmin>447</xmin>
			<ymin>173</ymin>
			<xmax>465</xmax>
			<ymax>199</ymax>
		</bndbox>
	</object>
	<object>
		<name>pedestrian</name>
		<pose>Unspecified</pose>
		<truncated>0</truncated>
		<difficult>0</difficult>
		<bndbox>
			<xmin>465</xmin>
			<ymin>169</ymin>
			<xmax>477</xmax>
			<ymax>199</ymax>
		</bndbox>
	</object>
</annotation>
