<annotation>
	<folder>image_2</folder>
	<filename>000046.png</filename>
	<path>D:\bondJ\archive\data_object_image_2\testing\image_2\000046.png</path>
	<source>
		<database>Unknown</database>
	</source>
	<size>
		<width>1242</width>
		<height>375</height>
		<depth>3</depth>
	</size>
	<segmented>0</segmented>
	<object>
		<name>pedestrian</name>
		<pose>Unspecified</pose>
		<truncated>0</truncated>
		<difficult>0</difficult>
		<bndbox>
			<xmin>613</xmin>
			<ymin>185</ymin>
			<xmax>627</xmax>
			<ymax>221</ymax>
		</bndbox>
	</object>
	<object>
		<name>pedestrian</name>
		<pose>Unspecified</pose>
		<truncated>0</truncated>
		<difficult>0</difficult>
		<bndbox>
			<xmin>600</xmin>
			<ymin>191</ymin>
			<xmax>619</xmax>
			<ymax>226</ymax>
		</bndbox>
	</object>
	<object>
		<name>traffic Sign</name>
		<pose>Unspecified</pose>
		<truncated>0</truncated>
		<difficult>0</difficult>
		<bndbox>
			<xmin>567</xmin>
			<ymin>159</ymin>
			<xmax>582</xmax>
			<ymax>198</ymax>
		</bndbox>
	</object>
</annotation>
