<annotation>
	<folder>image_2</folder>
	<filename>000024.png</filename>
	<path>D:\bondJ\archive\data_object_image_2\testing\image_2\000024.png</path>
	<source>
		<database>Unknown</database>
	</source>
	<size>
		<width>1242</width>
		<height>375</height>
		<depth>3</depth>
	</size>
	<segmented>0</segmented>
	<object>
		<name>traffic Sign</name>
		<pose>Unspecified</pose>
		<truncated>0</truncated>
		<difficult>0</difficult>
		<bndbox>
			<xmin>274</xmin>
			<ymin>183</ymin>
			<xmax>301</xmax>
			<ymax>231</ymax>
		</bndbox>
	</object>
	<object>
		<name>car</name>
		<pose>Unspecified</pose>
		<truncated>0</truncated>
		<difficult>0</difficult>
		<bndbox>
			<xmin>509</xmin>
			<ymin>179</ymin>
			<xmax>553</xmax>
			<ymax>206</ymax>
		</bndbox>
	</object>
	<object>
		<name>traffic sign</name>
		<pose>Unspecified</pose>
		<truncated>0</truncated>
		<difficult>0</difficult>
		<bndbox>
			<xmin>1109</xmin>
			<ymin>192</ymin>
			<xmax>1137</xmax>
			<ymax>241</ymax>
		</bndbox>
	</object>
</annotation>
