<annotation>
	<folder>image_2</folder>
	<filename>000019.png</filename>
	<path>D:\bondJ\archive\data_object_image_2\testing\image_2\000019.png</path>
	<source>
		<database>Unknown</database>
	</source>
	<size>
		<width>1242</width>
		<height>375</height>
		<depth>3</depth>
	</size>
	<segmented>0</segmented>
	<object>
		<name>car</name>
		<pose>Unspecified</pose>
		<truncated>0</truncated>
		<difficult>0</difficult>
		<bndbox>
			<xmin>435</xmin>
			<ymin>171</ymin>
			<xmax>525</xmax>
			<ymax>239</ymax>
		</bndbox>
	</object>
	<object>
		<name>car</name>
		<pose>Unspecified</pose>
		<truncated>0</truncated>
		<difficult>0</difficult>
		<bndbox>
			<xmin>641</xmin>
			<ymin>167</ymin>
			<xmax>652</xmax>
			<ymax>177</ymax>
		</bndbox>
	</object>
</annotation>
