<annotation>
	<folder>image_2</folder>
	<filename>000028.png</filename>
	<path>D:\bondJ\archive\data_object_image_2\testing\image_2\000028.png</path>
	<source>
		<database>Unknown</database>
	</source>
	<size>
		<width>1242</width>
		<height>375</height>
		<depth>3</depth>
	</size>
	<segmented>0</segmented>
	<object>
		<name>car</name>
		<pose>Unspecified</pose>
		<truncated>0</truncated>
		<difficult>0</difficult>
		<bndbox>
			<xmin>529</xmin>
			<ymin>178</ymin>
			<xmax>561</xmax>
			<ymax>205</ymax>
		</bndbox>
	</object>
	<object>
		<name>car</name>
		<pose>Unspecified</pose>
		<truncated>0</truncated>
		<difficult>0</difficult>
		<bndbox>
			<xmin>558</xmin>
			<ymin>175</ymin>
			<xmax>577</xmax>
			<ymax>194</ymax>
		</bndbox>
	</object>
</annotation>
