<annotation>
	<folder>image_2</folder>
	<filename>000039.png</filename>
	<path>D:\bondJ\archive\data_object_image_2\testing\image_2\000039.png</path>
	<source>
		<database>Unknown</database>
	</source>
	<size>
		<width>1242</width>
		<height>375</height>
		<depth>3</depth>
	</size>
	<segmented>0</segmented>
	<object>
		<name>car</name>
		<pose>Unspecified</pose>
		<truncated>0</truncated>
		<difficult>0</difficult>
		<bndbox>
			<xmin>495</xmin>
			<ymin>168</ymin>
			<xmax>545</xmax>
			<ymax>209</ymax>
		</bndbox>
	</object>
	<object>
		<name>traffic Sign</name>
		<pose>Unspecified</pose>
		<truncated>0</truncated>
		<difficult>0</difficult>
		<bndbox>
			<xmin>332</xmin>
			<ymin>128</ymin>
			<xmax>361</xmax>
			<ymax>224</ymax>
		</bndbox>
	</object>
	<object>
		<name>car</name>
		<pose>Unspecified</pose>
		<truncated>0</truncated>
		<difficult>0</difficult>
		<bndbox>
			<xmin>589</xmin>
			<ymin>165</ymin>
			<xmax>600</xmax>
			<ymax>176</ymax>
		</bndbox>
	</object>
	<object>
		<name>traffic Sign</name>
		<pose>Unspecified</pose>
		<truncated>0</truncated>
		<difficult>0</difficult>
		<bndbox>
			<xmin>701</xmin>
			<ymin>135</ymin>
			<xmax>728</xmax>
			<ymax>166</ymax>
		</bndbox>
	</object>
	<object>
		<name>traffic Sign</name>
		<pose>Unspecified</pose>
		<truncated>0</truncated>
		<difficult>0</difficult>
		<bndbox>
			<xmin>804</xmin>
			<ymin>114</ymin>
			<xmax>829</xmax>
			<ymax>142</ymax>
		</bndbox>
	</object>
	<object>
		<name>traffic Sign</name>
		<pose>Unspecified</pose>
		<truncated>0</truncated>
		<difficult>0</difficult>
		<bndbox>
			<xmin>1079</xmin>
			<ymin>76</ymin>
			<xmax>1102</xmax>
			<ymax>141</ymax>
		</bndbox>
	</object>
</annotation>
