<annotation>
	<folder>image_2</folder>
	<filename>000074.png</filename>
	<path>D:\bondJ\archive\data_object_image_2\testing\image_2\000074.png</path>
	<source>
		<database>Unknown</database>
	</source>
	<size>
		<width>1242</width>
		<height>375</height>
		<depth>3</depth>
	</size>
	<segmented>0</segmented>
	<object>
		<name>car</name>
		<pose>Unspecified</pose>
		<truncated>0</truncated>
		<difficult>0</difficult>
		<bndbox>
			<xmin>586</xmin>
			<ymin>171</ymin>
			<xmax>642</xmax>
			<ymax>231</ymax>
		</bndbox>
	</object>
	<object>
		<name>traffic Sign</name>
		<pose>Unspecified</pose>
		<truncated>0</truncated>
		<difficult>0</difficult>
		<bndbox>
			<xmin>981</xmin>
			<ymin>95</ymin>
			<xmax>1013</xmax>
			<ymax>131</ymax>
		</bndbox>
	</object>
</annotation>
