<annotation>
	<folder>image_2</folder>
	<filename>000029.png</filename>
	<path>D:\bondJ\archive\data_object_image_2\testing\image_2\000029.png</path>
	<source>
		<database>Unknown</database>
	</source>
	<size>
		<width>1242</width>
		<height>375</height>
		<depth>3</depth>
	</size>
	<segmented>0</segmented>
	<object>
		<name>car</name>
		<pose>Unspecified</pose>
		<truncated>0</truncated>
		<difficult>0</difficult>
		<bndbox>
			<xmin>463</xmin>
			<ymin>174</ymin>
			<xmax>541</xmax>
			<ymax>219</ymax>
		</bndbox>
	</object>
	<object>
		<name>car</name>
		<pose>Unspecified</pose>
		<truncated>0</truncated>
		<difficult>0</difficult>
		<bndbox>
			<xmin>417</xmin>
			<ymin>180</ymin>
			<xmax>473</xmax>
			<ymax>216</ymax>
		</bndbox>
	</object>
	<object>
		<name>traffic Sign</name>
		<pose>Unspecified</pose>
		<truncated>0</truncated>
		<difficult>0</difficult>
		<bndbox>
			<xmin>179</xmin>
			<ymin>99</ymin>
			<xmax>208</xmax>
			<ymax>253</ymax>
		</bndbox>
	</object>
</annotation>
