<annotation>
	<folder>image_2</folder>
	<filename>000034.png</filename>
	<path>D:\bondJ\archive\data_object_image_2\testing\image_2\000034.png</path>
	<source>
		<database>Unknown</database>
	</source>
	<size>
		<width>1242</width>
		<height>375</height>
		<depth>3</depth>
	</size>
	<segmented>0</segmented>
	<object>
		<name>car</name>
		<pose>Unspecified</pose>
		<truncated>0</truncated>
		<difficult>0</difficult>
		<bndbox>
			<xmin>578</xmin>
			<ymin>184</ymin>
			<xmax>608</xmax>
			<ymax>207</ymax>
		</bndbox>
	</object>
</annotation>
