<annotation>
	<folder>image_2</folder>
	<filename>000147.png</filename>
	<path>D:\bondJ\archive\data_object_image_2\testing\image_2\000147.png</path>
	<source>
		<database>Unknown</database>
	</source>
	<size>
		<width>1224</width>
		<height>370</height>
		<depth>3</depth>
	</size>
	<segmented>0</segmented>
	<object>
		<name>car</name>
		<pose>Unspecified</pose>
		<truncated>0</truncated>
		<difficult>0</difficult>
		<bndbox>
			<xmin>447</xmin>
			<ymin>163</ymin>
			<xmax>490</xmax>
			<ymax>193</ymax>
		</bndbox>
	</object>
	<object>
		<name>car</name>
		<pose>Unspecified</pose>
		<truncated>0</truncated>
		<difficult>0</difficult>
		<bndbox>
			<xmin>484</xmin>
			<ymin>164</ymin>
			<xmax>508</xmax>
			<ymax>189</ymax>
		</bndbox>
	</object>
	<object>
		<name>car</name>
		<pose>Unspecified</pose>
		<truncated>0</truncated>
		<difficult>0</difficult>
		<bndbox>
			<xmin>936</xmin>
			<ymin>162</ymin>
			<xmax>1095</xmax>
			<ymax>224</ymax>
		</bndbox>
	</object>
	<object>
		<name>traffic Sign</name>
		<pose>Unspecified</pose>
		<truncated>0</truncated>
		<difficult>0</difficult>
		<bndbox>
			<xmin>773</xmin>
			<ymin>28</ymin>
			<xmax>905</xmax>
			<ymax>118</ymax>
		</bndbox>
	</object>
	<object>
		<name>traffic Sign</name>
		<pose>Unspecified</pose>
		<truncated>0</truncated>
		<difficult>0</difficult>
		<bndbox>
			<xmin>928</xmin>
			<ymin>103</ymin>
			<xmax>968</xmax>
			<ymax>158</ymax>
		</bndbox>
	</object>
</annotation>
