<annotation>
	<folder>image_2</folder>
	<filename>000107.png</filename>
	<path>D:\bondJ\archive\data_object_image_2\testing\image_2\000107.png</path>
	<source>
		<database>Unknown</database>
	</source>
	<size>
		<width>1242</width>
		<height>375</height>
		<depth>3</depth>
	</size>
	<segmented>0</segmented>
	<object>
		<name>car</name>
		<pose>Unspecified</pose>
		<truncated>0</truncated>
		<difficult>0</difficult>
		<bndbox>
			<xmin>516</xmin>
			<ymin>177</ymin>
			<xmax>558</xmax>
			<ymax>215</ymax>
		</bndbox>
	</object>
	<object>
		<name>car</name>
		<pose>Unspecified</pose>
		<truncated>0</truncated>
		<difficult>0</difficult>
		<bndbox>
			<xmin>572</xmin>
			<ymin>175</ymin>
			<xmax>594</xmax>
			<ymax>191</ymax>
		</bndbox>
	</object>
	<object>
		<name>bike</name>
		<pose>Unspecified</pose>
		<truncated>0</truncated>
		<difficult>0</difficult>
		<bndbox>
			<xmin>497</xmin>
			<ymin>176</ymin>
			<xmax>510</xmax>
			<ymax>206</ymax>
		</bndbox>
	</object>
</annotation>
