<annotation>
	<folder>image_2</folder>
	<filename>000139.png</filename>
	<path>D:\bondJ\archive\data_object_image_2\testing\image_2\000139.png</path>
	<source>
		<database>Unknown</database>
	</source>
	<size>
		<width>1242</width>
		<height>375</height>
		<depth>3</depth>
	</size>
	<segmented>0</segmented>
	<object>
		<name>traffic Sign</name>
		<pose>Unspecified</pose>
		<truncated>1</truncated>
		<difficult>0</difficult>
		<bndbox>
			<xmin>65</xmin>
			<ymin>1</ymin>
			<xmax>140</xmax>
			<ymax>71</ymax>
		</bndbox>
	</object>
	<object>
		<name>car</name>
		<pose>Unspecified</pose>
		<truncated>0</truncated>
		<difficult>0</difficult>
		<bndbox>
			<xmin>157</xmin>
			<ymin>162</ymin>
			<xmax>209</xmax>
			<ymax>198</ymax>
		</bndbox>
	</object>
	<object>
		<name>car</name>
		<pose>Unspecified</pose>
		<truncated>0</truncated>
		<difficult>0</difficult>
		<bndbox>
			<xmin>247</xmin>
			<ymin>163</ymin>
			<xmax>297</xmax>
			<ymax>200</ymax>
		</bndbox>
	</object>
	<object>
		<name>car</name>
		<pose>Unspecified</pose>
		<truncated>0</truncated>
		<difficult>0</difficult>
		<bndbox>
			<xmin>272</xmin>
			<ymin>170</ymin>
			<xmax>336</xmax>
			<ymax>205</ymax>
		</bndbox>
	</object>
	<object>
		<name>car</name>
		<pose>Unspecified</pose>
		<truncated>1</truncated>
		<difficult>0</difficult>
		<bndbox>
			<xmin>780</xmin>
			<ymin>188</ymin>
			<xmax>1242</xmax>
			<ymax>375</ymax>
		</bndbox>
	</object>
	<object>
		<name>car</name>
		<pose>Unspecified</pose>
		<truncated>0</truncated>
		<difficult>0</difficult>
		<bndbox>
			<xmin>645</xmin>
			<ymin>175</ymin>
			<xmax>715</xmax>
			<ymax>215</ymax>
		</bndbox>
	</object>
</annotation>
