<annotation>
	<folder>image_2</folder>
	<filename>000110.png</filename>
	<path>D:\bondJ\archive\data_object_image_2\testing\image_2\000110.png</path>
	<source>
		<database>Unknown</database>
	</source>
	<size>
		<width>1242</width>
		<height>375</height>
		<depth>3</depth>
	</size>
	<segmented>0</segmented>
	<object>
		<name>car</name>
		<pose>Unspecified</pose>
		<truncated>1</truncated>
		<difficult>0</difficult>
		<bndbox>
			<xmin>1093</xmin>
			<ymin>198</ymin>
			<xmax>1242</xmax>
			<ymax>262</ymax>
		</bndbox>
	</object>
</annotation>
