<annotation>
	<folder>image_2</folder>
	<filename>000144.png</filename>
	<path>D:\bondJ\archive\data_object_image_2\testing\image_2\000144.png</path>
	<source>
		<database>Unknown</database>
	</source>
	<size>
		<width>1242</width>
		<height>375</height>
		<depth>3</depth>
	</size>
	<segmented>0</segmented>
	<object>
		<name>car</name>
		<pose>Unspecified</pose>
		<truncated>0</truncated>
		<difficult>0</difficult>
		<bndbox>
			<xmin>309</xmin>
			<ymin>194</ymin>
			<xmax>469</xmax>
			<ymax>295</ymax>
		</bndbox>
	</object>
	<object>
		<name>car</name>
		<pose>Unspecified</pose>
		<truncated>0</truncated>
		<difficult>0</difficult>
		<bndbox>
			<xmin>557</xmin>
			<ymin>166</ymin>
			<xmax>589</xmax>
			<ymax>205</ymax>
		</bndbox>
	</object>
	<object>
		<name>car</name>
		<pose>Unspecified</pose>
		<truncated>0</truncated>
		<difficult>0</difficult>
		<bndbox>
			<xmin>632</xmin>
			<ymin>178</ymin>
			<xmax>650</xmax>
			<ymax>202</ymax>
		</bndbox>
	</object>
</annotation>
