<annotation>
	<folder>image_2</folder>
	<filename>000120.png</filename>
	<path>D:\bondJ\archive\data_object_image_2\testing\image_2\000120.png</path>
	<source>
		<database>Unknown</database>
	</source>
	<size>
		<width>1242</width>
		<height>375</height>
		<depth>3</depth>
	</size>
	<segmented>0</segmented>
	<object>
		<name>traffic Sign</name>
		<pose>Unspecified</pose>
		<truncated>0</truncated>
		<difficult>0</difficult>
		<bndbox>
			<xmin>678</xmin>
			<ymin>128</ymin>
			<xmax>699</xmax>
			<ymax>157</ymax>
		</bndbox>
	</object>
	<object>
		<name>car</name>
		<pose>Unspecified</pose>
		<truncated>0</truncated>
		<difficult>0</difficult>
		<bndbox>
			<xmin>499</xmin>
			<ymin>174</ymin>
			<xmax>529</xmax>
			<ymax>200</ymax>
		</bndbox>
	</object>
</annotation>
