<annotation>
	<folder>image_2</folder>
	<filename>000130.png</filename>
	<path>D:\bondJ\archive\data_object_image_2\testing\image_2\000130.png</path>
	<source>
		<database>Unknown</database>
	</source>
	<size>
		<width>1242</width>
		<height>375</height>
		<depth>3</depth>
	</size>
	<segmented>0</segmented>
	<object>
		<name>traffic Sign</name>
		<pose>Unspecified</pose>
		<truncated>0</truncated>
		<difficult>0</difficult>
		<bndbox>
			<xmin>673</xmin>
			<ymin>139</ymin>
			<xmax>688</xmax>
			<ymax>164</ymax>
		</bndbox>
	</object>
	<object>
		<name>car</name>
		<pose>Unspecified</pose>
		<truncated>0</truncated>
		<difficult>0</difficult>
		<bndbox>
			<xmin>533</xmin>
			<ymin>170</ymin>
			<xmax>559</xmax>
			<ymax>195</ymax>
		</bndbox>
	</object>
</annotation>
